INSERT INTO CUSTOMER ( CUSTOMER_ID, FNAME, MNAME, LNAME,DOB, CONTACTNO )
     VALUES ( 1001, 'AMIT', 'KUMAR', 'MANGAL', '1985-09-15', '9999999999');

INSERT INTO CUSTOMER ( CUSTOMER_ID, FNAME, LNAME, DOB, CONTACTNO )
    VALUES ( 1002, 'TIGER', 'TEST', '1988-07-25', '9999999991' );

INSERT INTO ACCOUNT ( ACCOUNT_ID, ACCOUNTNUMBER, ACCOUNT_TYPE, CURRENCY, BRANCH_ID)
    VALUES ( 20001, 'SA20001', 'SAVING', 'INR', 101);

INSERT INTO ACCOUNT ( ACCOUNT_ID, ACCOUNTNUMBER, ACCOUNT_TYPE, CURRENCY, BRANCH_ID)
    VALUES ( 20002, 'SA20002', 'FD', 'INR', 101);

INSERT INTO CUSTOMER_ACCOUNT (CUSTOMER_X_ACCOUNT_ID, CUSTOMER_ID, ACCOUNT_ID )
    VALUES (1, 1001, 20001 );

INSERT INTO CUSTOMER_ACCOUNT (CUSTOMER_X_ACCOUNT_ID, CUSTOMER_ID, ACCOUNT_ID, ROLE )
    VALUES ( 2, 1001, 20002, 'JOINT' );

INSERT INTO CUSTOMER_ACCOUNT (CUSTOMER_X_ACCOUNT_ID, CUSTOMER_ID, ACCOUNT_ID, ROLE )
    VALUES (3, 1002, 20002, 'JOINT' );

INSERT INTO ACCOUNT_BALANCE (ACCOUNT_ID, LEDGER_BALANCE, AVAILABLE_BALANCE, HOLD_AMOUNT, LAST_UPDATED )
    VALUES ( 20002, 100000, 100000, 0, CURRENT_TIMESTAMP);

INSERT INTO ACCOUNT_BALANCE (ACCOUNT_ID, LEDGER_BALANCE, AVAILABLE_BALANCE, HOLD_AMOUNT, LAST_UPDATED )
    VALUES ( 20001, 15000, 15000, 0, CURRENT_TIMESTAMP );

INSERT INTO TRANSACTION (TRANSACTION_ID, ACCOUNT_ID, AMOUNT, TYPE, TRANSACTION_TIME )
    VALUES ( 1, 20001, 15000, 'Opening', CURRENT_TIMESTAMP );

INSERT INTO TRANSACTION (TRANSACTION_ID, ACCOUNT_ID, AMOUNT, TYPE, TRANSACTION_TIME )
    VALUES ( 2, 20002, 100000, 'Opening', CURRENT_TIMESTAMP );